{
    "k": 2,
    "centroids": [
        [
            -6.1137093362685116e-06,
            -1.9282191655861924e-09,
            -7.090829162409575e-05,
            -5.868154929413941e-06,
            8.723298287446747e-06,
            -0.01939940720418182,
            0.3148924078851709
        ],
        [
            0.0597248265073702,
            1.8836772998340573e-05,
            0.6927031008745005,
            0.0573260055042122,
            -0.0852179009715103,
            -1.4862894654433108,
            24021.51936051799
        ]
    ],
    "feature_names": [
        "Age",
        "Annual_Income",
        "Spending_Score",
        "Purchase_Frequency",
        "Transaction_Amount",
        "Transaction_Value",
        "Score_to_Income"
    ]
}